observation_date,Truckload rates,LTL rates,Rail rates,Retail diesel
2003-12-01,100.0,100.0,122.2,1.49
2004-01-01,100.3,101.1,123.2,1.551
2004-02-01,101.1,101.5,123.4,1.582
2004-03-01,101.2,101.9,124.4,1.629
2004-04-01,101.5,101.4,124.7,1.692
2004-05-01,101.9,102.2,125.3,1.746
2004-06-01,102.5,103.4,125.6,1.711
2004-07-01,102.6,104.8,126.4,1.738
2004-08-01,103.0,105.1,126.6,1.833
2004-09-01,104.0,106.3,128.0,1.917
2004-10-01,104.7,107.1,128.9,2.134
2004-11-01,105.4,108.1,129.9,2.147
2004-12-01,104.8,108.0,131.2,2.009
2005-01-01,105.5,108.1,131.9,1.959
2005-02-01,106.2,107.5,132.0,2.027
2005-03-01,106.9,108.6,133.7,2.214
2005-04-01,107.5,109.3,135.0,2.292
2005-05-01,108.3,110.5,138.7,2.199
2005-06-01,108.4,111.8,139.2,2.29
2005-07-01,108.3,113.3,139.3,2.372
2005-08-01,108.6,113.2,140.8,2.5
2005-09-01,110.0,114.6,142.5,2.819
2005-10-01,111.3,116.1,145.7,3.095
2005-11-01,111.9,115.3,148.4,2.573
2005-12-01,111.0,113.7,148.4,2.443
2006-01-01,110.3,114.7,147.2,2.467
2006-02-01,110.4,114.3,146.3,2.475
2006-03-01,110.4,115.4,148.3,2.558
2006-04-01,110.8,116.6,148.6,2.728
2006-05-01,112.1,119.2,150.5,2.897
2006-06-01,112.4,119.2,153.1,2.898
2006-07-01,112.5,119.5,154.9,2.934
2006-08-01,113.2,120.3,155.1,3.045
2006-09-01,113.4,119.7,155.6,2.783
2006-10-01,113.0,117.5,155.5,2.519
2006-11-01,112.5,117.6,152.5,2.544
2006-12-01,112.3,117.9,151.2,2.61
2007-01-01,113.0,117.1,151.8,2.485
2007-02-01,112.5,116.5,152.5,2.488
2007-03-01,112.4,117.8,151.2,2.667
2007-04-01,112.9,121.5,152.5,2.834
2007-05-01,113.1,122.4,154.0,2.796
2007-06-01,112.8,122.7,157.3,2.808
2007-07-01,113.0,121.7,157.2,2.868
2007-08-01,113.3,121.2,159.1,2.869
2007-09-01,113.8,120.9,160.8,2.953
2007-10-01,114.0,122.0,161.4,3.075
2007-11-01,115.1,123.7,163.4,3.396
2007-12-01,115.8,124.0,165.1,3.341
2008-01-01,116.0,123.5,169.6,3.308
2008-02-01,115.9,124.9,169.1,3.377
2008-03-01,116.5,127.8,169.6,3.881
2008-04-01,117.8,130.1,170.6,4.084
2008-05-01,120.5,131.0,174.4,4.425
2008-06-01,123.0,133.3,178.0,4.677
2008-07-01,124.0,132.2,181.3,4.703
2008-08-01,124.0,130.7,183.3,4.302
2008-09-01,121.8,129.4,182.6,4.024
2008-10-01,121.3,126.8,179.5,3.576
2008-11-01,117.8,123.5,176.1,2.876
2008-12-01,115.1,121.2,171.3,2.449
2009-01-01,113.2,126.3,166.8,2.292
2009-02-01,112.1,126.6,164.6,2.195
2009-03-01,110.4,125.4,163.1,2.092
2009-04-01,109.7,125.7,162.8,2.22
2009-05-01,109.8,126.0,162.8,2.226
2009-06-01,110.1,125.3,163.9,2.529
2009-07-01,111.4,125.9,164.6,2.54
2009-08-01,111.0,126.1,167.2,2.634
2009-09-01,111.7,125.4,167.3,2.626
2009-10-01,110.8,125.0,167.7,2.672
2009-11-01,111.5,125.4,168.2,2.792
2009-12-01,110.9,123.4,168.3,2.744
2010-01-01,110.8,122.2,170.4,2.845
2010-02-01,111.0,123.5,171.2,2.784
2010-03-01,111.9,125.9,172.5,2.915
2010-04-01,112.2,127.0,172.7,3.059
2010-05-01,113.2,127.1,174.7,3.069
2010-06-01,113.5,126.4,176.1,2.948
2010-07-01,113.4,126.3,175.9,2.911
2010-08-01,113.7,126.4,174.8,2.959
2010-09-01,113.8,126.8,175.1,2.946
2010-10-01,114.4,127.8,175.6,3.052
2010-11-01,115.8,131.5,175.5,3.14
2010-12-01,116.1,131.0,176.9,3.242
2011-01-01,116.5,131.8,180.2,3.388
2011-02-01,117.4,134.1,181.6,3.584
2011-03-01,119.3,134.1,184.7,3.904
2011-04-01,121.0,137.1,188.4,4.064
2011-05-01,121.7,139.1,192.1,4.047
2011-06-01,121.4,137.3,193.3,3.933
2011-07-01,121.3,137.5,193.2,3.905
2011-08-01,121.2,138.3,192.2,3.86
2011-09-01,122.0,140.1,192.2,3.837
2011-10-01,122.0,140.9,191.7,3.798
2011-11-01,123.2,141.0,191.6,3.962
2011-12-01,123.3,140.6,191.5,3.861
2012-01-01,124.0,141.4,193.4,3.833
2012-02-01,124.6,141.7,194.6,3.952
2012-03-01,126.2,144.9,194.9,4.126
2012-04-01,126.7,145.5,196.4,4.115
2012-05-01,127.0,144.2,200.5,3.978
2012-06-01,125.8,143.7,200.2,3.758
2012-07-01,125.6,145.0,198.7,3.721
2012-08-01,126.8,147.4,196.9,3.982
2012-09-01,127.4,149.9,197.4,4.12
2012-10-01,127.2,150.1,199.9,4.094
2012-11-01,126.9,149.5,201.1,4.0
2012-12-01,127.0,150.3,201.0,3.961
2013-01-01,126.7,148.7,203.3,3.908
2013-02-01,127.2,149.9,203.2,4.11
2013-03-01,128.0,151.0,203.4,4.068
2013-04-01,127.5,148.8,205.3,3.93
2013-05-01,127.8,148.1,204.9,3.87
2013-06-01,127.6,151.2,203.9,3.849
2013-07-01,127.6,150.7,203.8,3.866
2013-08-01,127.6,151.7,203.6,3.904
2013-09-01,127.1,152.4,204.2,3.961
2013-10-01,127.2,153.0,204.9,3.885
2013-11-01,127.6,152.3,205.3,3.839
2013-12-01,127.4,154.4,204.8,3.882
2014-01-01,127.9,153.8,206.4,3.893
2014-02-01,128.2,153.4,207.2,3.984
2014-03-01,128.7,154.5,207.5,4.001
2014-04-01,129.5,158.5,208.7,3.964
2014-05-01,130.6,158.9,209.2,3.943
2014-06-01,130.8,158.8,208.8,3.906
2014-07-01,130.3,160.5,209.0,3.884
2014-08-01,130.4,160.9,208.8,3.838
2014-09-01,130.4,158.0,208.4,3.792
2014-10-01,129.7,157.3,207.9,3.68
2014-11-01,129.8,156.8,207.7,3.647
2014-12-01,128.9,158.8,206.8,3.411
2015-01-01,126.7,157.0,206.5,2.997
2015-02-01,126.0,154.5,204.0,2.858
2015-03-01,126.0,156.1,200.5,2.897
2015-04-01,126.2,153.8,201.0,2.782
2015-05-01,126.3,156.5,200.7,2.888
2015-06-01,127.1,155.1,200.1,2.873
2015-07-01,126.9,154.8,200.5,2.788
2015-08-01,126.2,153.4,199.4,2.595
2015-09-01,125.9,153.2,198.5,2.505
2015-10-01,125.5,152.1,197.1,2.519
2015-11-01,125.8,156.2,197.0,2.467
2015-12-01,124.8,156.6,197.1,2.31
2016-01-01,124.6,156.1,195.2,2.143
2016-02-01,123.4,158.7,193.8,1.998
2016-03-01,123.2,158.3,193.2,2.09
2016-04-01,123.6,160.3,193.6,2.152
2016-05-01,122.8,160.2,194.2,2.315
2016-06-01,122.7,160.7,195.2,2.423
2016-07-01,123.0,161.2,196.1,2.404
2016-08-01,123.0,161.1,196.4,2.351
2016-09-01,123.3,159.5,197.3,2.394
2016-10-01,124.1,163.1,197.1,2.454
2016-11-01,124.1,164.3,197.7,2.438
2016-12-01,124.2,165.6,198.6,2.51
2017-01-01,124.4,166.4,199.8,2.58
2017-02-01,124.7,166.8,200.8,2.568
2017-03-01,124.2,166.7,201.7,2.554
2017-04-01,124.3,167.0,201.8,2.582
2017-05-01,124.0,168.0,202.1,2.56
2017-06-01,124.2,167.9,202.3,2.51
2017-07-01,124.2,169.7,202.3,2.496
2017-08-01,125.9,169.9,202.2,2.595
2017-09-01,126.6,173.3,202.8,2.785
2017-10-01,126.6,173.5,205.0,2.794
2017-11-01,128.5,175.1,206.2,2.909
2017-12-01,130.3,175.5,207.0,2.909
2018-01-01,131.0,177.4,208.2,3.018
2018-02-01,132.0,178.5,208.9,3.046
2018-03-01,132.0,178.4,211.0,2.988
2018-04-01,132.3,178.9,212.3,3.096
2018-05-01,133.6,181.0,213.0,3.244
2018-06-01,135.4,183.1,214.3,3.253
2018-07-01,136.8,183.2,214.7,3.233
2018-08-01,137.5,183.3,215.4,3.218
2018-09-01,138.6,184.0,217.6,3.262
2018-10-01,139.8,185.3,217.9,3.365
2018-11-01,140.3,184.8,218.7,3.3
2018-12-01,140.4,183.9,219.0,3.123
2019-01-01,139.9,188.5,218.8,2.98
2019-02-01,138.6,188.8,218.7,2.996
2019-03-01,138.2,187.8,218.4,3.076
2019-04-01,136.7,186.2,220.5,3.121
2019-05-01,137.3,189.9,221.4,3.161
2019-06-01,137.7,190.3,221.6,3.088
2019-07-01,136.8,188.1,221.7,3.045
2019-08-01,136.1,190.1,221.3,3.005
2019-09-01,136.6,187.8,221.0,3.016
2019-10-01,136.6,188.7,221.5,3.053
2019-11-01,140.1,189.3,221.6,3.069
2019-12-01,141.0,185.2,221.8,3.055
2020-01-01,136.3,193.6,223.1,3.048
2020-02-01,136.1,191.1,223.2,2.91
2020-03-01,134.3,189.7,222.7,2.729
2020-04-01,131.8,188.4,221.7,2.493
2020-05-01,128.2,187.7,219.9,2.392
2020-06-01,132.0,186.1,218.6,2.408
2020-07-01,134.0,190.3,218.4,2.434
2020-08-01,135.6,189.9,219.4,2.429
2020-09-01,139.0,185.5,219.9,2.414
2020-10-01,142.2,189.6,220.1,2.389
2020-11-01,146.6,187.7,220.4,2.432
2020-12-01,147.6,187.1,221.4,2.585
2021-01-01,146.1,196.7,223.2,2.681
2021-02-01,151.3,196.8,224.4,2.847
2021-03-01,154.7,202.5,226.8,3.152
2021-04-01,159.3,203.4,228.4,3.13
2021-05-01,162.1,203.7,230.3,3.217
2021-06-01,159.3,210.7,231.0,3.287
2021-07-01,159.929,208.302,232.41,3.339
2021-08-01,164.691,207.759,233.491,3.35
2021-09-01,169.568,209.299,234.583,3.384
2021-10-01,173.847,211.703,236.297,3.612
2021-11-01,182.629,217.984,237.879,3.727
2021-12-01,187.738,218.148,238.886,3.641
2022-01-01,198.275,222.856,240.995,3.724
2022-02-01,208.028,220.69,241.782,4.032
2022-03-01,211.126,239.535,243.482,5.104
2022-04-01,209.823,243.598,249.784,5.12
2022-05-01,210.733,251.869,254.679,5.571
2022-06-01,203.35,258.802,255.971,5.754
2022-07-01,204.018,248.576,259.024,5.486
2022-08-01,200.068,242.1,258.055,5.013
2022-09-01,197.526,242.93,258.332,4.992
2022-10-01,197.549,237.312,256.928,5.211
2022-11-01,195.947,242.376,258.981,5.255
2022-12-01,200.778,233.568,258.83,4.714
2023-01-01,187.156,240.539,261.529,4.576
2023-02-01,194.459,236.298,259.191,4.413
2023-03-01,202.307,233.331,258.719,4.21
2023-04-01,184.407,228.176,258.207,4.099
2023-05-01,192.615,231.51,255.864,3.915
2023-06-01,190.471,230.664,254.981,3.802
2023-07-01,178.666,230.773,254.812,3.882
2023-08-01,173.268,240.812,255.906,4.37
2023-09-01,182.025,242.879,257.632,4.563
2023-10-01,184.002,244.315,260.697,4.507
2023-11-01,187.206,240.901,261.657,4.254
2023-12-01,177.712,236.187,261.52,3.972
2024-01-01,178.925,242.245,264.276,3.854
2024-02-01,178.32,244.23,260.755,4.044
2024-03-01,172.822,245.484,260.378,4.022
2024-04-01,172.961,246.943,262.727,4.002
2024-05-01,181.575,244.791,263.162,3.822
2024-06-01,182.698,241.732,263.046,3.722
2024-07-01,190.065,247.454,264.537,3.81
2024-08-01,176.722,243.762,264.358,3.7
2024-09-01,172.163,243.046,265.106,3.558
2024-10-01,165.925,243.33,264.717,3.585
2024-11-01,160.349,243.394,264.454,3.522
2024-12-01,171.718,243.422,264.678,3.494
2025-01-01,181.652,257.376,268.295,3.634
2025-02-01,179.387,259.215,268.054,3.675
2025-03-01,165.826,259.005,268.191,3.585
2025-04-01,175.089,259.125,268.077,3.566
2025-05-01,178.512,258.13,268.028,3.499
2025-06-01,168.388,261.013,268.262,3.599
2025-07-01,180.906,265.42,268.34,3.778
2025-08-01,182.33,268.431,268.573,3.744
2025-09-01,186.058,267.001,268.978,3.748
2025-10-01,184.899,266.342,268.717,3.678
2025-11-01,189.108,268.211,268.859,3.822
2025-12-01,181.077,267.294,269.176,3.615
2026-01-01,181.359,270.648,268.651,3.522
2026-02-01,183.307,272.923,268.576,3.722
2026-03-01,191.312,277.741,268.531,4.921
2026-04-01,200.958,310.995,269.908,5.501
2026-05-01,203.536,312.051,271.776,5.6
2026-06-01,198.768,307.961,272.296,5.024
2026-07-01,203.781,293.695,272.243,4.955
2026-08-01,207.644,306.839,272.349,5.462
