company,ticker,mode,scope,fiscal_year,period,fuel_surcharge_revenue_musd,base_revenue_musd,fuel_surcharge_pct,method,source_file,quote
Heartland Express,HTLD,Truckload,"Consolidated operating revenue; six months ended June 30, 2026",2026,H1,54.186,360.383,15.04,stated_dollars,HTLD_2026-06-30.txt,"Less: Fuel surcharge revenue 31,743 24,509 54,186 50,830"
Knight-Swift Transportation,KNX,Truckload,"Consolidated; truckload+LTL fuel surcharge; six months ended June 30, 2026",2026,H1,543.516,3945.935,13.77,stated_dollars,KNX_2026-06-30.txt,"Truckload and LTL fuel surcharge 331,325 189,739 543,516 381,138"
Marten Transport,MRTN,Truckload,"consolidated; truckload + dedicated fuel surcharge (intermodal exited); six months ended June 30, 2026",2026,H1,64.686,427.069,15.15,derived_sum_of_segments,MRTN_2026-06-30.txt,"Truckload fuel surcharge revenue 23,599 14,002 39,679 28,287 Total Truckload revenue 116,320 106,486 221,710 210,877 Dedicated revenue, net of fuel surcharge revenue 52,578 61,338 105,752 123,743 Dedicated fuel surcharge revenue 14,718 10,536 25,007"
Werner Enterprises,WERN,Truckload,"TTS segment operating revenues (One-Way Truckload + Dedicated); six months ended June 30, 2026",2026,H1,199.037,1296.884,15.35,stated_dollars,WERN_2026-06-30.txt,"Trucking fuel surcharge revenues 120,569 55,201 199,037 112,841"
Saia (SCS Transportation pre-2006),SAIA,LTL,"Saia Inc. consolidated operating revenue (continuing ops); six months ended June 30, 2026",2026,H1,,,19.7,stated_pct,SAIA_2026-06-30.txt,"Fuel surcharge revenue as a percentage of operating revenue increased to 19.7 percent for the six months ended June 30, 2026"
XPO,XPO,LTL,"North American LTL segment; six months ended June 30, 2026",2026,H1,515.0,2657.0,19.38,stated_dollars,XPO_2026-06-30.txt,"$515 million and $361 million, respectively, for the first six months of 2026 and 2025"
Union Pacific,UNP,Rail,"UNP freight revenues, excl. other revenues; six months ended June 30, 2026",2026,H1,1608.0,12411.0,12.96,derived_sum_of_quarters,UNP_2026-03-31.txt;UNP_2026-06-30.txt,Freight revenues from fuel surcharge programs increased to $608 million in the first quarter of 2026 | Freight revenues from fuel surcharge programs increased to $1.0 billion in the second quarter of 2026
Norfolk Southern,NSC,Rail,"NSC railway operating revenues (total); six months ended June 30, 2026",2026,H1,625.0,6463.0,9.67,stated_dollars,NSC_2026-06-30.txt,"Revenues associated with these surcharges totaled $415 million and $203 million in the second quarters of 2026 and 2025, respectively, and $625 million and $405 million for the first six months of 2026 and 2025"
J.B. Hunt Transport Services,JBHT,Intermodal/Truck mix,"consolidated; six months ended June 30, 2026",2026,H1,1049.458,6551.787,16.02,stated_dollars,JBHT_2026-06-30.txt,"Fuel surcharge revenues 641,460 351,862 1,049,458 713,525"
